Designator,Mid X,Mid Y,Rotation,Layer
H1,-84.93375,-364.98,0.0,top
H2,-79.06375,-416.62,270.0,top
H3,-23.88375,-416.63,0.0,top
H4,-16.73375,-364.98,0.0,top
